{
  "method": "cag",
  "subset": "small",
  "top_k": null,
  "created_at": "2026-07-14T15:56:41.984659+00:00",
  "questions": 8,
  "mean_bertscore_f1": 0.909486249089241,
  "mean_cache_reset_seconds": 0.0002119438722729683,
  "mean_generation_seconds": 0.3201413406059146,
  "mean_online_latency_seconds": 0.325236139819026,
  "median_online_latency_seconds": 0.22866438701748848,
  "min_online_latency_seconds": 0.17185655236244202,
  "max_online_latency_seconds": 1.0150201693177223,
  "total_online_latency_seconds": 2.601889118552208,
  "mean_generated_tokens": 4.875,
  "total_generated_tokens": 39,
  "mean_tokens_per_second": 19.243367796154434,
  "prepare_seconds": 5.211468987166882,
  "prefix_tokens": 29664,
  "knowledge_passages": 60
}