{
  "method": "cag",
  "subset": "medium",
  "top_k": null,
  "created_at": "2026-07-14T15:59:03.945100+00:00",
  "questions": 21,
  "mean_bertscore_f1": 0.7498533810888018,
  "mean_cache_reset_seconds": 0.00020044580811545964,
  "mean_generation_seconds": 0.4855093430905115,
  "mean_online_latency_seconds": 0.4864829945422354,
  "median_online_latency_seconds": 0.33539772778749466,
  "min_online_latency_seconds": 0.253753200173378,
  "max_online_latency_seconds": 2.0984630957245827,
  "total_online_latency_seconds": 10.216142885386944,
  "mean_generated_tokens": 8.333333333333334,
  "total_generated_tokens": 175,
  "mean_tokens_per_second": 13.94902710081184,
  "prepare_seconds": 9.492292396724224,
  "prefix_tokens": 56420,
  "knowledge_passages": 130
}