{
  "method": "cag",
  "subset": "large",
  "top_k": null,
  "created_at": "2026-07-14T16:02:38.706227+00:00",
  "questions": 31,
  "mean_bertscore_f1": 0.6982939051043603,
  "mean_cache_reset_seconds": 0.00020197370359974524,
  "mean_generation_seconds": 1.066127123130906,
  "mean_online_latency_seconds": 1.0670114198038656,
  "median_online_latency_seconds": 0.5543083995580673,
  "min_online_latency_seconds": 0.43376898020505905,
  "max_online_latency_seconds": 7.7541458979249,
  "total_online_latency_seconds": 33.07735401391983,
  "mean_generated_tokens": 15.903225806451612,
  "total_generated_tokens": 493,
  "mean_tokens_per_second": 11.396137885359323,
  "prepare_seconds": 20.37010645866394,
  "prefix_tokens": 89624,
  "knowledge_passages": 200
}