{
  "method": "cag",
  "subset": "medium",
  "top_k": null,
  "created_at": "2026-07-19T13:14:02.869274+00:00",
  "questions": 135,
  "mean_bertscore_f1": 0.7849551403964007,
  "median_bertscore_f1": 0.77948397397995,
  "std_bertscore_f1": 0.1588128573468404,
  "mean_cache_reset_seconds": 0.00023839160868967022,
  "median_cache_reset_seconds": 0.00023912300821393728,
  "std_cache_reset_seconds": 2.0962140229541134e-05,
  "mean_generation_seconds": 0.868152807061388,
  "median_generation_seconds": 0.4033437359612435,
  "std_generation_seconds": 1.8356841005403999,
  "mean_online_latency_seconds": 0.8692939924990275,
  "median_online_latency_seconds": 0.4042444210499525,
  "std_online_latency_seconds": 1.8357586070382774,
  "mean_generated_tokens": 18.274074074074075,
  "median_generated_tokens": 6.0,
  "std_generated_tokens": 49.28040839104828,
  "mean_tokens_per_second": 14.882191350999822,
  "median_tokens_per_second": 14.342470170285871,
  "std_tokens_per_second": 4.84424607381741,
  "min_online_latency_seconds": 0.2537786930333823,
  "max_online_latency_seconds": 11.379777187015861,
  "total_online_latency_seconds": 117.35468898736872,
  "total_generated_tokens": 2467,
  "prepare_seconds": 9.70672439597547,
  "prefix_tokens": 56420,
  "knowledge_passages": 130
}