{
  "method": "cag",
  "subset": "large",
  "top_k": null,
  "created_at": "2026-07-19T13:26:35.729917+00:00",
  "questions": 195,
  "mean_bertscore_f1": 0.7320228831890302,
  "median_bertscore_f1": 0.7112184166908264,
  "std_bertscore_f1": 0.1532526843157675,
  "mean_cache_reset_seconds": 0.0002455626268130847,
  "median_cache_reset_seconds": 0.0002414060290902853,
  "std_cache_reset_seconds": 2.4206635283704716e-05,
  "mean_generation_seconds": 1.1950258471764241,
  "median_generation_seconds": 0.6381838350789621,
  "std_generation_seconds": 1.9783182839286848,
  "mean_online_latency_seconds": 1.1962564052237818,
  "median_online_latency_seconds": 0.6396154740359634,
  "std_online_latency_seconds": 1.978411910573785,
  "mean_generated_tokens": 18.112820512820512,
  "median_generated_tokens": 7.0,
  "std_generated_tokens": 39.938323451893055,
  "mean_tokens_per_second": 11.531052533523612,
  "median_tokens_per_second": 10.658617342349395,
  "std_tokens_per_second": 3.8010703898501905,
  "min_online_latency_seconds": 0.3903166039381176,
  "max_online_latency_seconds": 15.166029486921616,
  "total_online_latency_seconds": 233.26999901863746,
  "total_generated_tokens": 3532,
  "prepare_seconds": 20.66517189599108,
  "prefix_tokens": 89624,
  "knowledge_passages": 200
}