{
  "method": "cag",
  "subset": "small",
  "top_k": null,
  "created_at": "2026-07-19T13:09:01.044313+00:00",
  "questions": 35,
  "mean_bertscore_f1": 0.8938483323369707,
  "median_bertscore_f1": 0.9484881162643433,
  "std_bertscore_f1": 0.12913327758231163,
  "mean_cache_reset_seconds": 0.00022271368985197373,
  "median_cache_reset_seconds": 0.0002299960469827056,
  "std_cache_reset_seconds": 1.4581564698708946e-05,
  "mean_generation_seconds": 0.2729997062456927,
  "median_generation_seconds": 0.2546599389752373,
  "std_generation_seconds": 0.1380672333582019,
  "mean_online_latency_seconds": 0.2742950944063653,
  "median_online_latency_seconds": 0.25533424504101276,
  "std_online_latency_seconds": 0.13954697315689737,
  "mean_generated_tokens": 6.285714285714286,
  "median_generated_tokens": 6.0,
  "std_generated_tokens": 4.7685947404156,
  "mean_tokens_per_second": 21.927265524276493,
  "median_tokens_per_second": 23.249811894665374,
  "std_tokens_per_second": 4.968688207177891,
  "min_online_latency_seconds": 0.152430604910478,
  "max_online_latency_seconds": 0.8993933330057189,
  "total_online_latency_seconds": 9.600328304222785,
  "total_generated_tokens": 220,
  "prepare_seconds": 4.670051860972308,
  "prefix_tokens": 29664,
  "knowledge_passages": 60
}