{
  "method": "rag",
  "subset": "large",
  "top_k": 6,
  "created_at": "2026-07-19T13:33:42.444731+00:00",
  "questions": 195,
  "mean_bertscore_f1": 0.7326762913129269,
  "median_bertscore_f1": 0.7162532806396484,
  "std_bertscore_f1": 0.13095897158810801,
  "mean_retrieval_seconds": 0.030169038964101138,
  "median_retrieval_seconds": 0.02936068898998201,
  "std_retrieval_seconds": 0.0038998633487705454,
  "mean_generation_seconds": 0.6833760173400291,
  "median_generation_seconds": 0.47474463703110814,
  "std_generation_seconds": 0.84398099431918,
  "mean_online_latency_seconds": 0.7241784738125996,
  "median_online_latency_seconds": 0.5180599039886147,
  "std_online_latency_seconds": 0.8446184446551894,
  "mean_generated_tokens": 14.497435897435897,
  "median_generated_tokens": 7.0,
  "std_generated_tokens": 30.690065950249497,
  "mean_tokens_per_second": 16.11598155444589,
  "median_tokens_per_second": 14.646109427966174,
  "std_tokens_per_second": 6.899520475420454,
  "min_online_latency_seconds": 0.2574287540046498,
  "max_online_latency_seconds": 8.931239156983793,
  "total_online_latency_seconds": 141.21480239345692,
  "total_generated_tokens": 2827,
  "prepare_seconds": 1.3233543989481404
}