{
  "method": "rag",
  "subset": "large",
  "top_k": 6,
  "created_at": "2026-07-14T16:04:18.686099+00:00",
  "questions": 31,
  "mean_bertscore_f1": 0.7113271663265843,
  "mean_retrieval_seconds": 0.024579483655191237,
  "mean_generation_seconds": 0.47533914807342714,
  "mean_online_latency_seconds": 0.5091448570451429,
  "median_online_latency_seconds": 0.4395224377512932,
  "min_online_latency_seconds": 0.2682657837867737,
  "max_online_latency_seconds": 1.0244334414601326,
  "total_online_latency_seconds": 15.78349056839943,
  "mean_generated_tokens": 9.580645161290322,
  "total_generated_tokens": 297,
  "mean_tokens_per_second": 18.50172899378222,
  "prepare_seconds": 1.2526603788137436
}