{
  "method": "rag",
  "subset": "large",
  "top_k": 4,
  "created_at": "2026-07-19T13:31:05.678804+00:00",
  "questions": 195,
  "mean_bertscore_f1": 0.7351170856219071,
  "median_bertscore_f1": 0.7224230766296387,
  "std_bertscore_f1": 0.12363353173561982,
  "mean_retrieval_seconds": 0.03538049660646954,
  "median_retrieval_seconds": 0.03488687099888921,
  "std_retrieval_seconds": 0.004008198272353411,
  "mean_generation_seconds": 0.5951111477931054,
  "median_generation_seconds": 0.3645389729645103,
  "std_generation_seconds": 1.0781902786947748,
  "mean_online_latency_seconds": 0.6390271305411052,
  "median_online_latency_seconds": 0.4074939669808373,
  "std_online_latency_seconds": 1.079283451406559,
  "mean_generated_tokens": 14.138461538461538,
  "median_generated_tokens": 6.0,
  "std_generated_tokens": 36.88972571869188,
  "mean_tokens_per_second": 18.426534855518337,
  "median_tokens_per_second": 17.97795627930613,
  "std_tokens_per_second": 5.856258505079516,
  "min_online_latency_seconds": 0.19906610902398825,
  "max_online_latency_seconds": 9.264083848916925,
  "total_online_latency_seconds": 124.6102904555155,
  "total_generated_tokens": 2757,
  "prepare_seconds": 1.323106499039568
}