{
  "method": "rag",
  "subset": "medium",
  "top_k": 4,
  "created_at": "2026-07-19T13:17:30.652666+00:00",
  "questions": 135,
  "mean_bertscore_f1": 0.7301881465646956,
  "median_bertscore_f1": 0.7138785123825073,
  "std_bertscore_f1": 0.12172098283423625,
  "mean_retrieval_seconds": 0.024364385458951195,
  "median_retrieval_seconds": 0.02436987799592316,
  "std_retrieval_seconds": 0.0014599213183569223,
  "mean_generation_seconds": 0.6108903850946161,
  "median_generation_seconds": 0.34659392898902297,
  "std_generation_seconds": 1.1801720196876282,
  "mean_online_latency_seconds": 0.6415579715191766,
  "median_online_latency_seconds": 0.3773905630223453,
  "std_online_latency_seconds": 1.1808455057846163,
  "mean_generated_tokens": 16.437037037037037,
  "median_generated_tokens": 6.0,
  "std_generated_tokens": 43.69442865667139,
  "mean_tokens_per_second": 19.99775548020749,
  "median_tokens_per_second": 19.214940434573233,
  "std_tokens_per_second": 6.797896238875094,
  "min_online_latency_seconds": 0.17803052894305438,
  "max_online_latency_seconds": 8.395622179028578,
  "total_online_latency_seconds": 86.61032615508884,
  "total_generated_tokens": 2219,
  "prepare_seconds": 0.8168727989541367
}