{
  "method": "rag",
  "subset": "medium",
  "top_k": 10,
  "created_at": "2026-07-14T16:01:07.845996+00:00",
  "questions": 21,
  "mean_bertscore_f1": 0.7488489888963246,
  "mean_retrieval_seconds": 0.023351962722483136,
  "mean_generation_seconds": 0.7097551833306041,
  "mean_online_latency_seconds": 0.7503048266683306,
  "median_online_latency_seconds": 0.7210902944207191,
  "min_online_latency_seconds": 0.4456874281167984,
  "max_online_latency_seconds": 1.3281781822443008,
  "total_online_latency_seconds": 15.756401360034943,
  "mean_generated_tokens": 9.380952380952381,
  "total_generated_tokens": 197,
  "mean_tokens_per_second": 12.609749833271358,
  "prepare_seconds": 0.7757299393415451
}