{
  "method": "rag",
  "subset": "large",
  "top_k": 4,
  "created_at": "2026-07-14T16:03:45.066663+00:00",
  "questions": 31,
  "mean_bertscore_f1": 0.7196946605559318,
  "mean_retrieval_seconds": 0.02466110212187613,
  "mean_generation_seconds": 0.4141601398587227,
  "mean_online_latency_seconds": 0.4456286466410083,
  "median_online_latency_seconds": 0.3618253767490387,
  "min_online_latency_seconds": 0.19667548686265945,
  "max_online_latency_seconds": 2.2772793620824814,
  "total_online_latency_seconds": 13.814488045871258,
  "mean_generated_tokens": 10.96774193548387,
  "total_generated_tokens": 340,
  "mean_tokens_per_second": 22.95051600960758,
  "prepare_seconds": 1.2360221073031425
}