{
  "method": "rag",
  "subset": "medium",
  "top_k": 4,
  "created_at": "2026-07-14T16:00:02.556144+00:00",
  "questions": 21,
  "mean_bertscore_f1": 0.7430129590488616,
  "mean_retrieval_seconds": 0.02616387250877562,
  "mean_generation_seconds": 0.4233877176330203,
  "mean_online_latency_seconds": 0.4624180197715759,
  "median_online_latency_seconds": 0.3681752160191536,
  "min_online_latency_seconds": 0.1903410479426384,
  "max_online_latency_seconds": 2.2423041686415672,
  "total_online_latency_seconds": 9.710778415203094,
  "mean_generated_tokens": 11.904761904761905,
  "total_generated_tokens": 250,
  "mean_tokens_per_second": 23.637631404385683,
  "prepare_seconds": 0.7476471588015556
}