{
  "method": "rag",
  "subset": "large",
  "top_k": 10,
  "created_at": "2026-07-19T13:36:58.729142+00:00",
  "questions": 195,
  "mean_bertscore_f1": 0.7416940559179355,
  "median_bertscore_f1": 0.7318229079246521,
  "std_bertscore_f1": 0.12878584649328256,
  "mean_retrieval_seconds": 0.03403718186160311,
  "median_retrieval_seconds": 0.031981676002033055,
  "std_retrieval_seconds": 0.005741308161141367,
  "mean_generation_seconds": 0.8668477156074145,
  "median_generation_seconds": 0.7688885119277984,
  "std_generation_seconds": 0.5272560882402703,
  "mean_online_latency_seconds": 0.9201986606620873,
  "median_online_latency_seconds": 0.8204316090559587,
  "std_online_latency_seconds": 0.5315251046109278,
  "mean_generated_tokens": 11.23076923076923,
  "median_generated_tokens": 7.0,
  "std_generated_tokens": 16.535281770192697,
  "mean_tokens_per_second": 11.112407961562507,
  "median_tokens_per_second": 9.319804102941026,
  "std_tokens_per_second": 5.854852108173843,
  "min_online_latency_seconds": 0.4205303699709475,
  "max_online_latency_seconds": 6.201492527034134,
  "total_online_latency_seconds": 179.43873882910702,
  "total_generated_tokens": 2190,
  "prepare_seconds": 1.3263919729506597
}