{
  "method": "rag",
  "subset": "medium",
  "top_k": 6,
  "created_at": "2026-07-14T16:00:33.928629+00:00",
  "questions": 21,
  "mean_bertscore_f1": 0.7244794170061747,
  "mean_retrieval_seconds": 0.02294346619220007,
  "mean_generation_seconds": 0.5521377293126923,
  "mean_online_latency_seconds": 0.5855066254734993,
  "median_online_latency_seconds": 0.415948785841465,
  "min_online_latency_seconds": 0.28310780227184296,
  "max_online_latency_seconds": 2.6403355821967125,
  "total_online_latency_seconds": 12.295639134943485,
  "mean_generated_tokens": 13.142857142857142,
  "total_generated_tokens": 276,
  "mean_tokens_per_second": 18.87025105442023,
  "prepare_seconds": 0.7809477671980858
}