{
  "method": "rag",
  "subset": "small",
  "top_k": 2,
  "created_at": "2026-07-14T15:57:11.617754+00:00",
  "questions": 8,
  "mean_bertscore_f1": 0.8022044599056244,
  "mean_retrieval_seconds": 0.04004091117531061,
  "mean_generation_seconds": 0.31607131101191044,
  "mean_online_latency_seconds": 0.36089303717017174,
  "median_online_latency_seconds": 0.30081120878458023,
  "min_online_latency_seconds": 0.1822218894958496,
  "max_online_latency_seconds": 0.7931925356388092,
  "total_online_latency_seconds": 2.887144297361374,
  "mean_generated_tokens": 9.25,
  "total_generated_tokens": 74,
  "mean_tokens_per_second": 26.228697518031275,
  "prepare_seconds": 1.2309477925300598
}