{
  "method": "rag",
  "subset": "medium",
  "top_k": 6,
  "created_at": "2026-07-19T13:19:22.184946+00:00",
  "questions": 135,
  "mean_bertscore_f1": 0.720043272000772,
  "median_bertscore_f1": 0.7076185345649719,
  "std_bertscore_f1": 0.12117136415434716,
  "mean_retrieval_seconds": 0.031457524952754654,
  "median_retrieval_seconds": 0.03143418999388814,
  "std_retrieval_seconds": 0.0024264404283696893,
  "mean_generation_seconds": 0.657710941825752,
  "median_generation_seconds": 0.4728699510451406,
  "std_generation_seconds": 0.6820228074700495,
  "mean_online_latency_seconds": 0.7017294683372947,
  "median_online_latency_seconds": 0.5109387299744412,
  "std_online_latency_seconds": 0.6825787407482772,
  "mean_generated_tokens": 12.725925925925926,
  "median_generated_tokens": 6.0,
  "std_generated_tokens": 23.226795395035243,
  "mean_tokens_per_second": 15.266888101555478,
  "median_tokens_per_second": 14.291755680975585,
  "std_tokens_per_second": 6.056766665149818,
  "min_online_latency_seconds": 0.27921455702744424,
  "max_online_latency_seconds": 5.7968923669541255,
  "total_online_latency_seconds": 94.73347822553478,
  "total_generated_tokens": 1718,
  "prepare_seconds": 0.8141076290048659
}