{
  "method": "rag",
  "subset": "medium",
  "top_k": 10,
  "created_at": "2026-07-19T13:21:41.061030+00:00",
  "questions": 135,
  "mean_bertscore_f1": 0.7467435763941871,
  "median_bertscore_f1": 0.743973970413208,
  "std_bertscore_f1": 0.13070407418856284,
  "mean_retrieval_seconds": 0.03130835941044131,
  "median_retrieval_seconds": 0.03198488196358085,
  "std_retrieval_seconds": 0.004967445672976377,
  "mean_generation_seconds": 0.8557830759056809,
  "median_generation_seconds": 0.7441701049683616,
  "std_generation_seconds": 0.46825952206895943,
  "mean_online_latency_seconds": 0.9079167952053939,
  "median_online_latency_seconds": 0.799108776031062,
  "std_online_latency_seconds": 0.4726162588526005,
  "mean_generated_tokens": 11.296296296296296,
  "median_generated_tokens": 7.0,
  "std_generated_tokens": 14.871626833930199,
  "mean_tokens_per_second": 11.09408781738184,
  "median_tokens_per_second": 9.523209130870113,
  "std_tokens_per_second": 6.175878129888454,
  "min_online_latency_seconds": 0.4076771120307967,
  "max_online_latency_seconds": 3.75727140402887,
  "total_online_latency_seconds": 122.56876735272817,
  "total_generated_tokens": 1525,
  "prepare_seconds": 0.8247043630108237
}