{
  "method": "rag",
  "subset": "small",
  "top_k": 4,
  "created_at": "2026-07-19T13:10:10.094238+00:00",
  "questions": 35,
  "mean_bertscore_f1": 0.7825090595654078,
  "median_bertscore_f1": 0.752043604850769,
  "std_bertscore_f1": 0.12166302114898805,
  "mean_retrieval_seconds": 0.024410486627104027,
  "median_retrieval_seconds": 0.023678630939684808,
  "std_retrieval_seconds": 0.0027038280117659378,
  "mean_generation_seconds": 0.3991210642603359,
  "median_generation_seconds": 0.3755844980478287,
  "std_generation_seconds": 0.17578577364977638,
  "mean_online_latency_seconds": 0.4314770130573639,
  "median_online_latency_seconds": 0.40367222810164094,
  "std_online_latency_seconds": 0.1769327744667653,
  "mean_generated_tokens": 7.6,
  "median_generated_tokens": 6.0,
  "std_generated_tokens": 5.67346766044521,
  "mean_tokens_per_second": 17.87644488737225,
  "median_tokens_per_second": 17.58863749149376,
  "std_tokens_per_second": 4.09296603020455,
  "min_online_latency_seconds": 0.2244959919480607,
  "max_online_latency_seconds": 1.2248160559684038,
  "total_online_latency_seconds": 15.101695457007736,
  "total_generated_tokens": 266,
  "prepare_seconds": 0.3917530319886282
}