{
  "method": "rag",
  "subset": "small",
  "top_k": 6,
  "created_at": "2026-07-19T13:10:45.903600+00:00",
  "questions": 35,
  "mean_bertscore_f1": 0.7951870407376971,
  "median_bertscore_f1": 0.7759820222854614,
  "std_bertscore_f1": 0.14263633042058685,
  "mean_retrieval_seconds": 0.02691476147488824,
  "median_retrieval_seconds": 0.026357608032412827,
  "std_retrieval_seconds": 0.002433857432241833,
  "mean_generation_seconds": 0.5513153371633962,
  "median_generation_seconds": 0.4642894499702379,
  "std_generation_seconds": 0.3145892600748611,
  "mean_online_latency_seconds": 0.591384798936945,
  "median_online_latency_seconds": 0.503784267930314,
  "std_online_latency_seconds": 0.31654679159904764,
  "mean_generated_tokens": 9.628571428571428,
  "median_generated_tokens": 6.0,
  "std_generated_tokens": 11.175302902292321,
  "mean_tokens_per_second": 14.788712468772653,
  "median_tokens_per_second": 13.376014628537058,
  "std_tokens_per_second": 5.43536658232235,
  "min_online_latency_seconds": 0.3512405490037054,
  "max_online_latency_seconds": 1.9412561089266092,
  "total_online_latency_seconds": 20.698467962793075,
  "total_generated_tokens": 337,
  "prepare_seconds": 0.38031839299947023
}