{
  "method": "rag",
  "subset": "medium",
  "top_k": 2,
  "created_at": "2026-07-19T13:15:47.922089+00:00",
  "questions": 135,
  "mean_bertscore_f1": 0.7001789346889213,
  "median_bertscore_f1": 0.6817542910575867,
  "std_bertscore_f1": 0.12667254679241827,
  "mean_retrieval_seconds": 0.026526947293637526,
  "median_retrieval_seconds": 0.025518629932776093,
  "std_retrieval_seconds": 0.0035086997821916896,
  "mean_generation_seconds": 0.6300925664146673,
  "median_generation_seconds": 0.2827132949605584,
  "std_generation_seconds": 1.3593644911924219,
  "mean_online_latency_seconds": 0.6608761902432889,
  "median_online_latency_seconds": 0.3132946209516376,
  "std_online_latency_seconds": 1.3598911249263144,
  "mean_generated_tokens": 19.614814814814814,
  "median_generated_tokens": 6.0,
  "std_generated_tokens": 49.73916820283816,
  "mean_tokens_per_second": 26.188367129081808,
  "median_tokens_per_second": 25.860740777960014,
  "std_tokens_per_second": 6.247895393232342,
  "min_online_latency_seconds": 0.12928079499397427,
  "max_online_latency_seconds": 8.72857253998518,
  "total_online_latency_seconds": 89.218285682844,
  "total_generated_tokens": 2648,
  "prepare_seconds": 0.8200382969807833
}