{
  "method": "rag",
  "subset": "small",
  "top_k": 6,
  "created_at": "2026-07-14T15:57:54.867188+00:00",
  "questions": 8,
  "mean_bertscore_f1": 0.7432718798518181,
  "mean_retrieval_seconds": 0.02214635442942381,
  "mean_generation_seconds": 0.5975043876096606,
  "mean_online_latency_seconds": 0.6317278146743774,
  "median_online_latency_seconds": 0.41900840401649475,
  "min_online_latency_seconds": 0.36127154529094696,
  "max_online_latency_seconds": 1.5730345696210861,
  "total_online_latency_seconds": 5.0538225173950195,
  "mean_generated_tokens": 15.625,
  "total_generated_tokens": 125,
  "mean_tokens_per_second": 19.17747828010902,
  "prepare_seconds": 0.3698079437017441
}