{
  "method": "rag",
  "subset": "large",
  "top_k": 2,
  "created_at": "2026-07-14T16:03:12.428877+00:00",
  "questions": 31,
  "mean_bertscore_f1": 0.717211994432634,
  "mean_retrieval_seconds": 0.023974772903227037,
  "mean_generation_seconds": 0.46404520878868716,
  "mean_online_latency_seconds": 0.49196829358416216,
  "median_online_latency_seconds": 0.2619530186057091,
  "min_online_latency_seconds": 0.12512800842523575,
  "max_online_latency_seconds": 6.448874980211258,
  "total_online_latency_seconds": 15.251017101109028,
  "mean_generated_tokens": 18.193548387096776,
  "total_generated_tokens": 564,
  "mean_tokens_per_second": 31.201162816856236,
  "prepare_seconds": 1.2360507473349571
}