{
  "method": "rag",
  "subset": "large",
  "top_k": 10,
  "created_at": "2026-07-14T16:05:03.943805+00:00",
  "questions": 31,
  "mean_bertscore_f1": 0.7233144583240632,
  "mean_retrieval_seconds": 0.025313087048069123,
  "mean_generation_seconds": 0.8317582071308167,
  "mean_online_latency_seconds": 0.8727456499491969,
  "median_online_latency_seconds": 0.773967519402504,
  "min_online_latency_seconds": 0.46993090957403183,
  "max_online_latency_seconds": 2.398354321718216,
  "total_online_latency_seconds": 27.055115148425102,
  "mean_generated_tokens": 14.129032258064516,
  "total_generated_tokens": 438,
  "mean_tokens_per_second": 14.781174292358935,
  "prepare_seconds": 1.2567542120814323
}