{
  "method": "rag",
  "subset": "small",
  "top_k": 10,
  "created_at": "2026-07-19T13:11:27.291517+00:00",
  "questions": 35,
  "mean_bertscore_f1": 0.827785643509456,
  "median_bertscore_f1": 0.8136595487594604,
  "std_bertscore_f1": 0.11959135735561664,
  "mean_retrieval_seconds": 0.026116954003061566,
  "median_retrieval_seconds": 0.02665402798447758,
  "std_retrieval_seconds": 0.0029424230829531114,
  "mean_generation_seconds": 0.7149969900924978,
  "median_generation_seconds": 0.6516383750131354,
  "std_generation_seconds": 0.20223145600113873,
  "mean_online_latency_seconds": 0.7601856880921072,
  "median_online_latency_seconds": 0.6936455259565264,
  "std_online_latency_seconds": 0.20743189435070167,
  "mean_generated_tokens": 7.514285714285714,
  "median_generated_tokens": 7.0,
  "std_generated_tokens": 5.782180682526113,
  "mean_tokens_per_second": 9.974052412050591,
  "median_tokens_per_second": 8.917215910433077,
  "std_tokens_per_second": 4.258117983956129,
  "min_online_latency_seconds": 0.523701854981482,
  "max_online_latency_seconds": 1.4546572580002248,
  "total_online_latency_seconds": 26.606499083223753,
  "total_generated_tokens": 263,
  "prepare_seconds": 0.3913628739537671
}