{
  "method": "rag",
  "subset": "large",
  "top_k": 2,
  "created_at": "2026-07-19T13:28:44.129696+00:00",
  "questions": 195,
  "mean_bertscore_f1": 0.703247254781234,
  "median_bertscore_f1": 0.6846213936805725,
  "std_bertscore_f1": 0.12266781120586107,
  "mean_retrieval_seconds": 0.030944788308503727,
  "median_retrieval_seconds": 0.02903767698444426,
  "std_retrieval_seconds": 0.004770736602148203,
  "mean_generation_seconds": 0.535395386444333,
  "median_generation_seconds": 0.27024640305899084,
  "std_generation_seconds": 1.1590201541199678,
  "mean_online_latency_seconds": 0.5705332763534852,
  "median_online_latency_seconds": 0.30381929804570973,
  "std_online_latency_seconds": 1.1595939379724014,
  "mean_generated_tokens": 16.882051282051282,
  "median_generated_tokens": 7.0,
  "std_generated_tokens": 42.42132117951907,
  "mean_tokens_per_second": 26.834468912123146,
  "median_tokens_per_second": 27.051023330873427,
  "std_tokens_per_second": 5.911031385218748,
  "min_online_latency_seconds": 0.12536770303267986,
  "max_online_latency_seconds": 8.653354288893752,
  "total_online_latency_seconds": 111.2539888889296,
  "total_generated_tokens": 3292,
  "prepare_seconds": 1.3558891019783914
}