{
  "method": "rag",
  "subset": "medium",
  "top_k": 2,
  "created_at": "2026-07-14T15:59:33.918264+00:00",
  "questions": 21,
  "mean_bertscore_f1": 0.7296045138722375,
  "mean_retrieval_seconds": 0.020517649395125254,
  "mean_generation_seconds": 0.5482680797576904,
  "mean_online_latency_seconds": 0.5732387034665971,
  "median_online_latency_seconds": 0.2669508755207062,
  "min_online_latency_seconds": 0.12557485699653625,
  "max_online_latency_seconds": 6.55177416652441,
  "total_online_latency_seconds": 12.038012772798538,
  "mean_generated_tokens": 21.904761904761905,
  "total_generated_tokens": 460,
  "mean_tokens_per_second": 31.637328893293237,
  "prepare_seconds": 0.7733026891946793
}