{
  "method": "rag",
  "subset": "small",
  "top_k": 2,
  "created_at": "2026-07-19T13:09:39.337962+00:00",
  "questions": 35,
  "mean_bertscore_f1": 0.7581089649881635,
  "median_bertscore_f1": 0.7656800150871277,
  "std_bertscore_f1": 0.13693624693968526,
  "mean_retrieval_seconds": 0.028281011545498457,
  "median_retrieval_seconds": 0.02517716505099088,
  "std_retrieval_seconds": 0.012597597561103733,
  "mean_generation_seconds": 0.33924898031566825,
  "median_generation_seconds": 0.2683970939833671,
  "std_generation_seconds": 0.2254230197695912,
  "mean_online_latency_seconds": 0.3725178077451086,
  "median_online_latency_seconds": 0.31448137597180903,
  "std_online_latency_seconds": 0.224570414319025,
  "mean_generated_tokens": 8.82857142857143,
  "median_generated_tokens": 6.0,
  "std_generated_tokens": 7.8907455633937715,
  "mean_tokens_per_second": 23.721353970566877,
  "median_tokens_per_second": 22.536565385016463,
  "std_tokens_per_second": 5.006289295795509,
  "min_online_latency_seconds": 0.1496875360608101,
  "max_online_latency_seconds": 1.02790325100068,
  "total_online_latency_seconds": 13.038123271078803,
  "total_generated_tokens": 309,
  "prepare_seconds": 0.9214951500762254
}